representation_name	classifier_name	accuracy	std_accuracy	f1_micro	std_f1_micro	f1_macro	std_f1_macro	f_max	std_f_max	f1_weighted	std_f1_weighted	precision_micro	std_precision_micro	precision_macro	std_precision_macro	precision_weighted	std_precision_weighted	recall_micro	std_recall_micro	recall_macro	std_recall_macro	recall_weighted	std_recall_weighted	hamming distance	std_hamming distance	auc	std_auc	matthews correlation coefficient
modal_rep_ae	Fully_Connected_Neural_Network	[1.0, 1.0, 1.0, 1.0, 1.0]	[0.0]	[1.0, 1.0, 1.0, 1.0, 1.0]	[0.0]	[1.0, 1.0, 1.0, 1.0, 1.0]	[0.0]	[0.96, 0.9411764705882353, 0.9545454545454546, 0.9565217391304348, 0.9545454545454546]	[0.006408356490315985]	[1.0, 1.0, 1.0, 1.0, 1.0]	[0.0]	[1.0, 1.0, 1.0, 1.0, 1.0]	[0.0]	[1.0, 1.0, 1.0, 1.0, 1.0]	[0.0]	[1.0, 1.0, 1.0, 1.0, 1.0]	[0.0]	[1.0, 1.0, 1.0, 1.0, 1.0]	[0.0]	[1.0, 1.0, 1.0, 1.0, 1.0]	[0.0]	[1.0, 1.0, 1.0, 1.0, 1.0]	[0.0]	[0.0, 0.0, 0.0, 0.0, 0.0]	[0.0]	[1.0, 1.0, 1.0, 1.0, 1.0]	[0.0]	[[0.9995661605206074, 0.9993993993993994, 0.9995192307692308, 0.9995363931386184, 0.9995192307692308], [0.9995661605206074, 0.9993993993993994, 0.9995192307692308, 0.9995363931386184, 0.9995192307692308], [0.9995661605206074, 0.9993993993993994, 0.9995192307692308, 0.9995363931386184, 0.9995192307692308], [0.9995661605206074, 0.9993993993993994, 0.9995192307692308, 0.9995363931386184, 0.9995192307692308], [0.9995661605206074, 0.9993993993993994, 0.9995192307692308, 0.9995363931386184, 0.9995192307692308]]
