index_col,node_d_1000_p_0.25_q_0.5,node_d_1000_p_0.25_q_1,node_d_1000_p_0.5_q_0.5,node_d_1000_p_0.5_q_1,node_d_1000_p_1_q_2,node_d_1000_p_2_q_0.5,node_d_1000_p_2_q_1,node_d_200_p_2_q_1,node_d_500_p_2_q_1,node_d_500_p_2_q_2
CC_High_Shallow,0.66456,0.67113,0.66138,0.66506,0.6654399999999999,0.67209,0.66625,0.63707,0.66794,0.66096
CC_High_Normal,0.61316,0.59877,0.6231899999999999,0.61648,0.605,0.6199100000000001,0.6089899999999999,0.57801,0.60372,0.59783
CC_Middle_Shallow,0.6378,0.65262,0.6405,0.6697,0.6812600000000001,0.67792,0.6865100000000001,0.69197,0.66783,0.6531100000000001
CC_Middle_Normal,0.67132,0.6765899999999999,0.7106600000000001,0.6707,0.69366,0.68647,0.68089,0.70485,0.69812,0.72401
CC_Middle_Specific,0.58326,0.57931,0.52458,0.53317,0.60067,0.53065,0.56116,0.49205,0.54777,0.5589999999999999
CC_Low_Shallow,0.56505,0.55081,0.55103,0.62458,0.58412,0.58017,0.57948,0.6499199999999999,0.6019,0.59917
CC_Low_Normal,0.44408000000000003,0.37534,0.3597,0.35175,0.48217,0.3873,0.37221,0.42963,0.40333,0.37446
CC_Low_Specific,0.6211800000000001,0.5835899999999999,0.61139,0.56208,0.5786899999999999,0.58918,0.5716,0.60645,0.5009100000000001,0.52908
