index_col,HOPE_d_100_beta_0.25,HOPE_d_200_beta_0.25,HOPE_d_200_beta_0.125,HOPE_d_200_beta_0.0625,HOPE_d_500_beta_0.25,HOPE_d_500_beta_0.125,HOPE_d_500_beta_0.0625,HOPE_d_1000_beta_0.25,HOPE_d_1000_beta_0.125,HOPE_d_1000_beta_0.0625
MF_High_Shallow,0.010190000000000001,0.02035,0.02411,0.008490000000000001,0.08962,0.0666,0.0533,0.15711,0.13714,0.06442
MF_High_Normal,0.5218,0.5062399999999999,0.52064,0.45866,0.51575,0.50868,0.44668,0.51345,0.5302899999999999,0.4891
MF_Middle_Shallow,0.26397,0.28869,0.23492,0.21725999999999998,0.3109,0.26916999999999996,0.21856,0.32016999999999995,0.24998,0.20108
MF_Middle_Normal,0.19705,0.22971,0.2037,0.19127,0.25964,0.24054,0.21704,0.25876,0.24381,0.22230999999999998
MF_Middle_Specific,0.38325,0.33748,0.31783,0.33191,0.38215,0.31196,0.36385,0.34952,0.37013,0.25027
MF_Low_Shallow,0.13437000000000002,0.14135,0.2711,0.24516,0.24706,0.1828,0.28878000000000004,0.17619,0.2248,0.31593000000000004
MF_Low_Normal,0.26882,0.36444,0.25733,0.32845,0.21784,0.17048,0.22683000000000003,0.29600000000000004,0.31079,0.17175
