index_col,HOPE_d_100_beta_0.125,HOPE_d_200_beta_0.25,HOPE_d_200_beta_0.125,HOPE_d_200_beta_0.0625,HOPE_d_500_beta_0.25,HOPE_d_500_beta_0.125,HOPE_d_500_beta_0.0625,HOPE_d_1000_beta_0.25,HOPE_d_1000_beta_0.125,HOPE_d_1000_beta_0.0625
CC_High_Shallow,0.47675,0.47657,0.47681,0.47651000000000004,0.47634,0.47763,0.4776,0.47741000000000006,0.4836,0.48078000000000004
CC_High_Normal,0.37285,0.37276,0.37255,0.37234,0.37046999999999997,0.37143000000000004,0.37467,0.37655,0.38411,0.37967
CC_Middle_Shallow,0.28763,0.31076,0.31322,0.20798000000000003,0.31934,0.31605,0.32056,0.32363000000000003,0.29245,0.25894
CC_Middle_Normal,0.39918000000000003,0.4549,0.40605,0.39044,0.4591,0.41121,0.42496999999999996,0.44036000000000003,0.41963999999999996,0.4226
CC_Middle_Specific,0.22812,0.25327,0.24600999999999998,0.21065,0.28019,0.28662,0.26799,0.30508,0.30218,0.22526
CC_Low_Shallow,0.26292,0.17945,0.2254,0.32095999999999997,0.23726999999999998,0.30146999999999996,0.45415,0.18056,0.19802,0.40434000000000003
CC_Low_Normal,0.27907,0.32871999999999996,0.28885,0.26064,0.34614,0.3006,0.25286,0.33926,0.26192,0.20889000000000002
CC_Low_Specific,0.25499,0.15461,0.19534,0.27324,0.17975,0.20382999999999998,0.26969,0.1173,0.18364,0.42968999999999996
