index_col,node_d_1000_p_2_q_0.25,node_d_1000_p_2_q_0.5,node_d_1000_p_2_q_1,node_d_100_p_0.25_q_0.5,node_d_100_p_0.5_q_1,node_d_100_p_2_q_0.5,node_d_200_p_2_q_0.25,node_d_500_p_0.5_q_0.25,node_d_500_p_1_q_2,node_d_500_p_2_q_0.25
MF_High_Shallow,0.49135,0.45886000000000005,0.48898,0.4973,0.48677,0.44869,0.4694,0.49204,0.48094,0.47641000000000006
MF_High_Normal,0.7237899999999999,0.7540899999999999,0.74844,0.7531100000000001,0.76351,0.79873,0.75122,0.76858,0.74448,0.7662
MF_Middle_Shallow,0.49826000000000004,0.48473999999999995,0.48373999999999995,0.48844,0.47436000000000006,0.47346000000000005,0.48234,0.46429,0.47861000000000004,0.51975
MF_Middle_Normal,0.61365,0.63602,0.65368,0.59936,0.5945600000000001,0.6280100000000001,0.60197,0.6483899999999999,0.64775,0.62051
MF_Middle_Specific,0.68719,0.66218,0.66792,0.69362,0.63769,0.60253,0.71545,0.64925,0.66293,0.67911
MF_Low_Shallow,0.59963,0.532,0.55782,0.5101899999999999,0.61288,0.62733,0.5561,0.53982,0.52772,0.55671
MF_Low_Normal,0.52095,0.5785399999999999,0.504,0.5644399999999999,0.5411100000000001,0.52444,0.62378,0.63278,0.56,0.48889
